outcome_groups,model_types,correlation
0.9958486610863371,0.9999121805316658,0.9995426531451537
