outcome_groups,model_types,correlation
0.8322611518577377,0.9660641382636581,0.9294551343460533
