outcome_groups,model_types,correlation
0.7717315985053944,0.9425769866157188,0.888345876026738
